"曲名","アーティスト","歌った回数","おすすめ","歌唱例リンク"
"からくりピエロ","","13","","https://www.youtube.com/watch?v=BIGK3QKSaXA&t=2939s"
"シャルル","","13","","https://www.youtube.com/watch?v=ixHdnCik4Nw&t=1176s"
"ヴァンパイア","DECO*27 ／ Janne Da Arc（同名の別曲・どちらも歌唱歴あり）","12","","https://www.youtube.com/watch?v=O-onF2u-Oeg&t=6627s"
"グッバイ宣言","","11","","https://www.youtube.com/watch?v=ixHdnCik4Nw&t=668s"
"水平線","","11","","https://www.youtube.com/watch?v=O-onF2u-Oeg&t=7770s"
"IRIS OUT","米津玄師","10","","https://www.youtube.com/watch?v=kVKLWiB4GWY&t=5046s"
"酔いどれ知らず","","10","","https://www.youtube.com/watch?v=O-onF2u-Oeg&t=1005s"
"奏","スキマスイッチ","10","","https://www.youtube.com/watch?v=D8QvLGW4xOc&t=2883s"
"Butter-Fly","和田光司","8","","https://www.youtube.com/watch?v=bezYq-QLlSw&t=784s"
"葛飾ラプソディー","堂島孝平","8","","https://www.youtube.com/watch?v=yIL7OmGSwr8&t=3127s"
"猫","DISH//","8","","https://www.youtube.com/watch?v=GlrtlvGjaGI&t=2907s"
"Bling-Bang-Bang-Born","Creepy Nuts","7","","https://www.youtube.com/watch?v=O-onF2u-Oeg&t=6128s"
"ウィーアー！","きただにひろし","7","🍆","https://www.youtube.com/watch?v=b7nfa5C5KXk&t=1873s"
"空も飛べるはず","スピッツ","7","","https://www.youtube.com/watch?v=chsDm-fkNFM&t=2043s"
"小さな恋のうた","MONGOL800","7","","https://www.youtube.com/watch?v=D8QvLGW4xOc&t=2390s"
"少女レイ","","7","","https://www.youtube.com/watch?v=ixHdnCik4Nw&t=268s"
"アイドル","","6","","https://www.youtube.com/watch?v=O-onF2u-Oeg&t=5902s"
"シュガーソングとビターステップ","UNISON SQUARE GARDEN","6","","https://www.youtube.com/watch?v=bezYq-QLlSw&t=1494s"
"君の知らない物語","","6","","https://www.youtube.com/watch?v=C_Pk5p6gs7g&t=2506s"
"Get Wild","","5","","https://www.youtube.com/watch?v=gEHwy-9lmrY&t=2652s"
"Hello Especially","","5","","https://www.youtube.com/watch?v=_SAc_F6dydA&t=4060s"
"KICK BACK","米津玄師","5","","https://www.youtube.com/watch?v=bezYq-QLlSw&t=1291s"
"オーバーライド","","5","","https://www.youtube.com/watch?v=O-onF2u-Oeg&t=7624s"
"オトノケ","","5","","https://www.youtube.com/watch?v=roIDeXEmIMc&t=867s"
"サウダージ","","5","","https://www.youtube.com/watch?v=wns2yj43ixg&t=170s"
"シルエット","","5","","https://www.youtube.com/watch?v=_SAc_F6dydA&t=1466s"
"チェリーハント","","5","","https://www.youtube.com/watch?v=BIGK3QKSaXA&t=5165s"
"マリーゴールド","","5","","https://www.youtube.com/watch?v=chsDm-fkNFM&t=2371s"
"メルト","","5","","https://www.youtube.com/watch?v=O-onF2u-Oeg&t=1141s"
"ラヴィ","","5","","https://www.youtube.com/watch?v=ixHdnCik4Nw&t=1672s"
"可愛くてごめん","HoneyWorks","5","","https://www.youtube.com/watch?v=O-onF2u-Oeg&t=563s"
"甲賀忍法帖","陰陽座","5","","https://www.youtube.com/watch?v=b7nfa5C5KXk&t=2204s"
"真夏の夜の夢","松任谷由実","5","","https://www.youtube.com/watch?v=Vrb3E2OPBZU&t=473s"
"星間飛行","","5","","https://www.youtube.com/watch?v=-YrJcK-o0qE&t=1755s"
"恋愛裁判","","5","","https://www.youtube.com/watch?v=mfSlpS_JIlU&t=916s"
"God knows...","涼宮ハルヒ(C.V. 平野綾)","4","","https://www.youtube.com/watch?v=bezYq-QLlSw&t=505s"
"HEATS","影山ヒロノブ","4","","https://www.youtube.com/watch?v=nVut5QRjRZA&t=3152s"
"Tomorrow never knows","Mr.Children","4","","https://www.youtube.com/watch?v=gEHwy-9lmrY&t=5256s"
"カサブタ","","4","","https://www.youtube.com/watch?v=O-onF2u-Oeg&t=6892s"
"カルマ","BUMP OF CHICKEN","4","","https://www.youtube.com/watch?v=D8QvLGW4xOc&t=252s"
"ゴールデンタイムラバー","スキマスイッチ","4","","https://www.youtube.com/watch?v=yIL7OmGSwr8&t=2081s"
"さぁ","","4","","https://www.youtube.com/watch?v=EoUoIBQwcqw&t=840s"
"シリウス","","4","","https://www.youtube.com/watch?v=O-onF2u-Oeg&t=7091s"
"だから僕は音楽を辞めた","ヨルシカ","4","","https://www.youtube.com/watch?v=mfSlpS_JIlU&t=2447s"
"ハナマル☆センセイション","","4","","https://www.youtube.com/watch?v=_SAc_F6dydA&t=896s"
"ピースサイン","米津玄師","4","","https://www.youtube.com/watch?v=D8QvLGW4xOc&t=11s"
"ファンサ","","4","","https://www.youtube.com/watch?v=5Se_ENutraU&t=1887s"
"マツケンサンバⅡ","","4","","https://www.youtube.com/watch?v=ak9IIuJ71k0&t=4378s"
"めざせポケモンマスター","松本梨香","4","","https://www.youtube.com/watch?v=48limf1aQUc&t=3940s"
"ユメヲカケル！","","4","","https://www.youtube.com/watch?v=chsDm-fkNFM&t=693s"
"君がいない夏","","4","","https://www.youtube.com/watch?v=VHZfwPZjK_Q&t=1660s"
"月光花","","4","","https://www.youtube.com/watch?v=ta4TEFnRbxE&t=2236s"
"桜","コブクロ","4","🍆","https://www.youtube.com/watch?v=Vrb3E2OPBZU&t=2109s"
"車輪の唄","BUMP OF CHICKEN","4","","https://www.youtube.com/watch?v=D8QvLGW4xOc&t=462s"
"前前前世","RADWIMPS","4","","https://www.youtube.com/watch?v=D8QvLGW4xOc&t=2106s"
"美しい鰭","スピッツ","4","","https://www.youtube.com/watch?v=bezYq-QLlSw&t=2204s"
"夢であるように","DEEN","4","","https://www.youtube.com/watch?v=D8QvLGW4xOc&t=728s"
"夜に駆ける","","4","","https://www.youtube.com/watch?v=O-onF2u-Oeg&t=7355s"
"恋","星野源","4","","https://www.youtube.com/watch?v=yIL7OmGSwr8&t=731s"
"AM11：00","","3","🍆","https://www.youtube.com/watch?v=chsDm-fkNFM&t=1032s"
"Dry?","","3","🍆","https://www.youtube.com/watch?v=O-onF2u-Oeg&t=4265s"
"ETERNAL BLAZE","水樹奈々","3","","https://www.youtube.com/watch?v=O-onF2u-Oeg&t=3951s"
"GHOST SWEEPER","","3","","https://www.youtube.com/watch?v=_SAc_F6dydA&t=3014s"
"GO!!!","","3","","https://www.youtube.com/watch?v=O-onF2u-Oeg&t=2811s"
"if...","","3","","https://www.youtube.com/watch?v=6QqwEASS4Wc&t=401s"
"Snow halation","","3","","https://www.youtube.com/watch?v=wns2yj43ixg&t=1730s"
"Starry Heavens","Day After Tomorrow","3","","https://www.youtube.com/watch?v=gEHwy-9lmrY&t=95s"
"STORM","JAM Project featuring 水木一郎＆影山ヒロノブ","3","","https://www.youtube.com/watch?v=C_Pk5p6gs7g&t=4357s"
"Vitalization","水樹奈々","3","","https://www.youtube.com/watch?v=nVut5QRjRZA&t=326s"
"WE GOTTA POWER","","3","","https://www.youtube.com/watch?v=nVut5QRjRZA&t=3451s"
"あいつこそがテニスの王子様","ミュージカルテニスの王子様","3","","https://www.youtube.com/watch?v=b7nfa5C5KXk&t=2521s"
"おジャ魔女カーニバル","","3","","https://www.youtube.com/watch?v=-YrJcK-o0qE&t=4910s"
"ガーネット","","3","","https://www.youtube.com/watch?v=vP4itqndfI8&t=841s"
"ギターと孤独と蒼い惑星","","3","","https://www.youtube.com/watch?v=BIGK3QKSaXA&t=454s"
"ギミー！レボリューション","","3","","https://www.youtube.com/watch?v=O-onF2u-Oeg&t=3710s"
"ギラギラ","","3","","https://www.youtube.com/watch?v=eqrwYJl1tW4&t=1822s"
"ココロオドル","","3","","https://www.youtube.com/watch?v=cICzuveEcE4&t=2836s"
"ずうっといっしょ！","キタニタツヤ","3","","https://www.youtube.com/watch?v=rrownzESO8Q&t=207s"
"そばかす","","3","","https://www.youtube.com/watch?v=VHZfwPZjK_Q&t=3632s"
"ソラニン","","3","","https://www.youtube.com/watch?v=gEHwy-9lmrY&t=4821s"
"テレパシ","","3","","https://www.youtube.com/watch?v=8AqvgFtaSj0&t=2265s"
"トウキョウ・シャンディ・ランデヴ","","3","","https://www.youtube.com/watch?v=O-onF2u-Oeg&t=3271s"
"ニコニコ動画流星群","","3","","https://www.youtube.com/watch?v=6QqwEASS4Wc&t=5687s"
"ババーンと推参！バーンブレイバーン","ブレイバーン (CV:鈴村健一)","3","","https://www.youtube.com/watch?v=b7nfa5C5KXk&t=26s"
"ペガサス幻想","","3","🍆","https://www.youtube.com/watch?v=O-onF2u-Oeg&t=782s"
"メリッサ","","3","","https://www.youtube.com/watch?v=mNKN7MIPe4U&t=3349s"
"もう恋なんてしない","","3","","https://www.youtube.com/watch?v=VHZfwPZjK_Q&t=2879s"
"ライオン","May'n/中島愛","3","","https://www.youtube.com/watch?v=bezYq-QLlSw&t=0s"
"ラビットホール","","3","","https://www.youtube.com/watch?v=48limf1aQUc&t=5778s"
"リライト","ASIAN KUNG-FU GENERATION","3","","https://www.youtube.com/watch?v=D8QvLGW4xOc&t=2624s"
"夏祭り","Whiteberry","3","","https://www.youtube.com/watch?v=48limf1aQUc&t=9668s"
"気まぐれロマンティック","","3","","https://www.youtube.com/watch?v=q63Bi1dalMQ&t=3232s"
"空色デイズ","中川翔子","3","","https://www.youtube.com/watch?v=bezYq-QLlSw&t=1040s"
"高嶺の花子さん","back number","3","","https://www.youtube.com/watch?v=kVKLWiB4GWY&t=771s"
"祝福","YOASOBI","3","","https://www.youtube.com/watch?v=bezYq-QLlSw&t=304s"
"新宝島","サカナクション","3","","https://www.youtube.com/watch?v=nVut5QRjRZA&t=3747s"
"星座になれたら","","3","","https://www.youtube.com/watch?v=BIGK3QKSaXA&t=766s"
"晴れてハレルヤ","奥井亜紀","3","","https://www.youtube.com/watch?v=nVut5QRjRZA&t=2069s"
"青いベンチ","","3","","https://www.youtube.com/watch?v=gEHwy-9lmrY&t=1204s"
"千本桜","黒うさP","3","","https://www.youtube.com/watch?v=Vrb3E2OPBZU&t=807s"
"天体観測","","3","","https://www.youtube.com/watch?v=i3sdvV53odk&t=3171s"
"白い恋人達","桑田佳祐","3","","https://www.youtube.com/watch?v=Vrb3E2OPBZU&t=1128s"
"夢想歌","Suara","3","","https://www.youtube.com/watch?v=nVut5QRjRZA&t=1750s"
"惑星ループ","Eve","3","","https://www.youtube.com/watch?v=ngo1R18xacM&t=1435s"
"檄！帝〜最終章〜","","3","","https://www.youtube.com/watch?v=q63Bi1dalMQ&t=5620s"
"蕾","","3","","https://www.youtube.com/watch?v=UG0GAz2A9Dc&t=1983s"
"1/3の純情な感情","","2","","https://www.youtube.com/watch?v=ta4TEFnRbxE&t=2724s"
"366日","HY","2","","https://www.youtube.com/watch?v=VHZfwPZjK_Q&t=718s"
"3月9日","","2","","https://www.youtube.com/watch?v=AXTljJMlTHs&t=2022s"
"7-seven-","Janne Da Arc","2","","https://www.youtube.com/watch?v=UG0GAz2A9Dc&t=3230s"
"Bunny Girl","AKASAKI","2","","https://www.youtube.com/watch?v=BIGK3QKSaXA&t=4665s"
"COLORS","","2","","https://www.youtube.com/watch?v=ta4TEFnRbxE&t=1800s"
"DAN DAN 心惹かれてく","","2","","https://www.youtube.com/watch?v=ngo1R18xacM&t=3268s"
"DAYS","FLOW","2","","https://www.youtube.com/watch?v=b7nfa5C5KXk&t=778s"
"DISCOTHEQUE","","2","","https://www.youtube.com/watch?v=mfSlpS_JIlU&t=2096s"
"EDEN～君がいない～","","2","","https://www.youtube.com/watch?v=EoUoIBQwcqw&t=469s"
"Hello, Again 〜昔からある場所〜","","2","","https://www.youtube.com/watch?v=VHZfwPZjK_Q&t=1265s"
"Lemon","米津玄師","2","","https://www.youtube.com/watch?v=IDP3CCpdhF4&t=587s"
"Lost my music","","2","","https://www.youtube.com/watch?v=O-onF2u-Oeg&t=8064s"
"Love Destiny","","2","","https://www.youtube.com/watch?v=EoUoIBQwcqw&t=1701s"
"Million Films","","2","","https://www.youtube.com/watch?v=chsDm-fkNFM&t=5s"
"only my railgun","","2","","https://www.youtube.com/watch?v=chsDm-fkNFM&t=1384s"
"Plazma","","2","","https://www.youtube.com/watch?v=q63Bi1dalMQ&t=1364s"
"RPG","SEKAI NO OWARI","2","","https://www.youtube.com/watch?v=yIL7OmGSwr8&t=1503s"
"Secret base～君がくれたもの～","","2","","https://www.youtube.com/watch?v=UG0GAz2A9Dc&t=431s"
"SHINY DAYS","","2","","https://www.youtube.com/watch?v=VHZfwPZjK_Q&t=4375s"
"sister","","2","","https://www.youtube.com/watch?v=dKm-56mWB4U&t=2470s"
"STAY AWAY","L'Arc〜en〜Ciel","2","","https://www.youtube.com/watch?v=nVut5QRjRZA&t=2848s"
"The Biggest Dreamer","和田光司","2","","https://www.youtube.com/watch?v=b7nfa5C5KXk&t=1136s"
"あずさ2号","狩人","2","","https://www.youtube.com/watch?v=q63Bi1dalMQ&t=4743s"
"いけないボーダーライン","","2","","https://www.youtube.com/watch?v=VHZfwPZjK_Q&t=4750s"
"オリオンをなぞる","UNISON SQUARE GARDEN","2","","https://www.youtube.com/watch?v=VHZfwPZjK_Q&t=3262s"
"コールボーイ","","2","","https://www.youtube.com/watch?v=ngo1R18xacM&t=1922s"
"コネクト","","2","","https://www.youtube.com/watch?v=C_Pk5p6gs7g&t=3038s"
"さくらんぼ","","2","","https://www.youtube.com/watch?v=48limf1aQUc&t=8893s"
"シンデレラボーイ","","2","","https://www.youtube.com/watch?v=-kzJFnxTUNs&t=497s"
"せーのっ！","","2","","https://www.youtube.com/watch?v=_SAc_F6dydA&t=156s"
"ダンデライオン","","2","","https://www.youtube.com/watch?v=8AqvgFtaSj0&t=279s"
"とまどい→レシピ","","2","","https://www.youtube.com/watch?v=8AqvgFtaSj0&t=5413s"
"ドライフラワー","優里","2","","https://www.youtube.com/watch?v=GFQHT1iQ8M0&t=11276s"
"はじめてのチュウ","","2","","https://www.youtube.com/watch?v=rL-nsjE7Zog&t=4003s"
"ヒトリノ夜","","2","","https://www.youtube.com/watch?v=i6RQk6p94r0&t=712s"
"フォニイ","","2","","https://www.youtube.com/watch?v=48limf1aQUc&t=6066s"
"ふたりの場所","","2","","https://www.youtube.com/watch?v=EoUoIBQwcqw&t=2143s"
"ブルーバード","","2","","https://www.youtube.com/watch?v=nVut5QRjRZA&t=4119s"
"フレンズ","レベッカ","2","","https://www.youtube.com/watch?v=AXTljJMlTHs&t=1623s"
"マジLOVE1000%","","2","","https://www.youtube.com/watch?v=29K5fzfoe8g&t=1474s"
"まっがーれ↓スペクタクル","","2","","https://www.youtube.com/watch?v=_SAc_F6dydA&t=2703s"
"ゆずれない願い","田村直美","2","","https://www.youtube.com/watch?v=roIDeXEmIMc&t=3871s"
"ようこそジャパリパークへ","","2","","https://www.youtube.com/watch?v=-YrJcK-o0qE&t=4421s"
"ラフメイカー","","2","","https://www.youtube.com/watch?v=gEHwy-9lmrY&t=430s"
"レディメイド","","2","","https://www.youtube.com/watch?v=GlrtlvGjaGI&t=4715s"
"愛は勝つ","","2","","https://www.youtube.com/watch?v=UG0GAz2A9Dc&t=844s"
"愛をとりもどせ!!","クリスタルキング","2","","https://www.youtube.com/watch?v=dKm-56mWB4U&t=3616s"
"英雄","doa","2","","https://www.youtube.com/watch?v=yIL7OmGSwr8&t=1083s"
"嫁に来ないか","新沼謙治","2","","https://www.youtube.com/watch?v=8AqvgFtaSj0&t=6309s"
"花の塔","","2","","https://www.youtube.com/watch?v=O-onF2u-Oeg&t=2248s"
"花の巴里","","2","","https://www.youtube.com/watch?v=O-onF2u-Oeg&t=6428s"
"霞ゆく空背にして","","2","","https://www.youtube.com/watch?v=O-onF2u-Oeg&t=2527s"
"怪獣の花唄","","2","","https://www.youtube.com/watch?v=-kzJFnxTUNs&t=837s"
"限界突破×サバイバー","","2","","https://www.youtube.com/watch?v=C_Pk5p6gs7g&t=1201s"
"残響散歌","Aimer","2","","https://www.youtube.com/watch?v=b7nfa5C5KXk&t=1511s"
"思想犯","","2","","https://www.youtube.com/watch?v=q63Bi1dalMQ&t=2182s"
"修羅","","2","","https://www.youtube.com/watch?v=-YrJcK-o0qE&t=3918s"
"春よ、来い","松任谷由実","2","","https://www.youtube.com/watch?v=Vrb3E2OPBZU&t=196s"
"初音ミクの消失","","2","","https://www.youtube.com/watch?v=dKm-56mWB4U&t=6318s"
"少女A","","2","","https://www.youtube.com/watch?v=BIGK3QKSaXA&t=1870s"
"硝子の少年","KinKi Kids","2","","https://www.youtube.com/watch?v=D8QvLGW4xOc&t=1014s"
"深愛","","2","","https://www.youtube.com/watch?v=_SAc_F6dydA&t=2135s"
"青と夏","Mrs. GREEN APPLE","2","","https://www.youtube.com/watch?v=BPdOVU7rS5A&t=7216s"
"全力少年","","2","","https://www.youtube.com/watch?v=BPdOVU7rS5A&t=6372s"
"組曲『ニコニコ動画』","","2","","https://www.youtube.com/watch?v=29K5fzfoe8g&t=1830s"
"打上花火","","2","","https://www.youtube.com/watch?v=cICzuveEcE4&t=4702s"
"宙船","TOKIO","2","","https://www.youtube.com/watch?v=D8QvLGW4xOc&t=1584s"
"轍","コブクロ","2","","https://www.youtube.com/watch?v=_SAc_F6dydA&t=1799s"
"徒花ネクロマンシー","","2","","https://www.youtube.com/watch?v=gEHwy-9lmrY&t=1916s"
"東京テディベア","","2","","https://www.youtube.com/watch?v=O-onF2u-Oeg&t=8576s"
"謎","小松未歩","2","","https://www.youtube.com/watch?v=GFQHT1iQ8M0&t=11651s"
"日本ブレイク工業 社歌","","2","","https://www.youtube.com/watch?v=_SAc_F6dydA&t=3729s"
"拍手喝采歌合","","2","","https://www.youtube.com/watch?v=6QqwEASS4Wc&t=2730s"
"変わらないもの","","2","","https://www.youtube.com/watch?v=VHZfwPZjK_Q&t=2394s"
"忘れてやらない","","2","","https://www.youtube.com/watch?v=BIGK3QKSaXA&t=1111s"
"魔弾 ～Der Freischutz～","T.M.Revolution","2","","https://www.youtube.com/watch?v=ta4TEFnRbxE&t=1420s"
"勇者王誕生！","","2","","https://www.youtube.com/watch?v=dKm-56mWB4U&t=1987s"
"檄！帝国華撃団","","2","","https://www.youtube.com/watch?v=O-onF2u-Oeg&t=1404s"
"睨めっ娘","","2","","https://www.youtube.com/watch?v=mNKN7MIPe4U&t=982s"
"～infinity～∞","","1","","https://www.youtube.com/watch?v=roIDeXEmIMc&t=3000s"
"1/2","","1","","https://www.youtube.com/watch?v=-YrJcK-o0qE&t=2070s"
"1/6の夢旅人2002","","1","","https://www.youtube.com/watch?v=cFmzigVX1GE&t=3307s"
"3年目の浮気","","1","","https://www.youtube.com/watch?v=Q5hrJzGKYB8&t=6237s"
"A・RA・SHI","嵐","1","","https://www.youtube.com/watch?v=P23nZJKKfvI&t=2690s"
"Agapē","メロキュア","1","","https://www.youtube.com/watch?v=GFQHT1iQ8M0&t=5312s"
"Believe","Folder5","1","","https://www.youtube.com/watch?v=-YrJcK-o0qE&t=776s"
"BRAIN","","1","","https://www.youtube.com/watch?v=roIDeXEmIMc&t=647s"
"Cagayake!GIRLS","","1","","https://www.youtube.com/watch?v=cFmzigVX1GE&t=5844s"
"CARNIBAL・BABEL","","1","","https://www.youtube.com/watch?v=6QqwEASS4Wc&t=5028s"
"CLEAR","","1","","https://www.youtube.com/watch?v=8AqvgFtaSj0&t=4338s"
"Don't say ""lazy""","","1","","https://www.youtube.com/watch?v=cFmzigVX1GE&t=6149s"
"Exterminate","","1","","https://www.youtube.com/watch?v=8AqvgFtaSj0&t=4583s"
"First Love","","1","","https://www.youtube.com/watch?v=VHZfwPZjK_Q&t=2032s"
"FOR REAL","","1","","https://www.youtube.com/watch?v=-YrJcK-o0qE&t=2502s"
"GIRLS' LEGEND U","","1","","https://www.youtube.com/watch?v=O-onF2u-Oeg&t=255s"
"Give a reason","林原めぐみ","1","","https://www.youtube.com/watch?v=GFQHT1iQ8M0&t=7959s"
"Grand symphony","","1","","https://www.youtube.com/watch?v=i3sdvV53odk&t=770s"
"Help me, ERINNNNN!!!","","1","","https://www.youtube.com/watch?v=wns2yj43ixg&t=3709s"
"HOWLING","","1","","https://www.youtube.com/watch?v=-YrJcK-o0qE&t=2909s"
"IN MY DREAM","真行寺恵里","1","","https://www.youtube.com/watch?v=GFQHT1iQ8M0&t=4324s"
"K","BUMP OF CHICKEN","1","","https://www.youtube.com/watch?v=RNp7-Um4jBg&t=13919s"
"Love so sweet","嵐","1","","https://www.youtube.com/watch?v=P23nZJKKfvI&t=242s"
"Love somebody","","1","","https://www.youtube.com/watch?v=XMBTCNoXmY8&t=8907s"
"LOVELOVELOVE","","1","","https://www.youtube.com/watch?v=ak9IIuJ71k0&t=4021s"
"Lovers Again","","1","","https://www.youtube.com/watch?v=IDP3CCpdhF4&t=3580s"
"Lunatic Gate","","1","","https://www.youtube.com/watch?v=FeeQIQONzUQ&t=1585s"
"magnet","","1","","https://www.youtube.com/watch?v=O-onF2u-Oeg&t=5375s"
"Northern lights","","1","","https://www.youtube.com/watch?v=EoUoIBQwcqw&t=1428s"
"Over Soul","","1","","https://www.youtube.com/watch?v=XMBTCNoXmY8&t=7744s"
"POP START","平井堅","1","","https://www.youtube.com/watch?v=ahiCaFBtiOY&t=27s"
"Pretender","Official髭男dism","1","","https://www.youtube.com/watch?v=GFQHT1iQ8M0&t=1824s"
"Q&A リサイタル！","","1","","https://www.youtube.com/watch?v=d8kT-NZrycw&t=3987s"
"Reckless fire","","1","","https://www.youtube.com/watch?v=nVut5QRjRZA&t=976s"
"Rumbling hearts","","1","","https://www.youtube.com/watch?v=nVut5QRjRZA&t=1332s"
"Rusty Nail","","1","","https://www.youtube.com/watch?v=Q5hrJzGKYB8&t=1594s"
"SAY YES","","1","","https://www.youtube.com/watch?v=XMBTCNoXmY8&t=9837s"
"Shangri-La","angela","1","","https://www.youtube.com/watch?v=GFQHT1iQ8M0&t=9659s"
"Sparkling Daydream","","1","","https://www.youtube.com/watch?v=d8kT-NZrycw&t=5476s"
"START:DASH","","1","","https://www.youtube.com/watch?v=i3sdvV53odk&t=437s"
"Sunny Day Sunday","センチメンタル・バス","1","","https://www.youtube.com/watch?v=E2Y1y86oZrQ&t=3316s"
"ultra soul","B'z","1","","https://www.youtube.com/watch?v=uh6xmtzJdMs&t=1371s"
"UNION","","1","","https://www.youtube.com/watch?v=UeFjUe7fYf8&t=699s"
"W/X/Y","","1","","https://www.youtube.com/watch?v=roIDeXEmIMc&t=1660s"
"WILL","","1","","https://www.youtube.com/watch?v=UeFjUe7fYf8&t=2620s"
"アゲハ蝶","","1","","https://www.youtube.com/watch?v=chsDm-fkNFM&t=2782s"
"あなたに","","1","","https://www.youtube.com/watch?v=rrownzESO8Q&t=3314s"
"アポロ","ポルノグラフィティ","1","","https://www.youtube.com/watch?v=E2Y1y86oZrQ&t=991s"
"アローラ！！","","1","","https://www.youtube.com/watch?v=RNp7-Um4jBg&t=7348s"
"インフィニティ","","1","","https://www.youtube.com/watch?v=cFmzigVX1GE&t=3860s"
"ヴィーナスとジーザス","","1","","https://www.youtube.com/watch?v=d8kT-NZrycw&t=6316s"
"うい麦畑でつかまえて","","1","","https://www.youtube.com/watch?v=BIGK3QKSaXA&t=1462s"
"うっせえわ","","1","","https://www.youtube.com/watch?v=8AqvgFtaSj0&t=5003s"
"え？あぁ、そう。","","1","","https://www.youtube.com/watch?v=XMBTCNoXmY8&t=9500s"
"おちゃめ機能","","1","","https://www.youtube.com/watch?v=48limf1aQUc&t=8019s"
"オラはにんきもの","","1","","https://www.youtube.com/watch?v=cFmzigVX1GE&t=5048s"
"かわいいだけじゃだめですか？","","1","","https://www.youtube.com/watch?v=uGjRNg8mXm4&t=8980s"
"カントリー・ロード","","1","","https://www.youtube.com/watch?v=d8kT-NZrycw&t=7428s"
"キセキ","","1","","https://www.youtube.com/watch?v=ngo1R18xacM&t=3813s"
"キューティーハニー","倖田來未","1","","https://www.youtube.com/watch?v=GFQHT1iQ8M0&t=4809s"
"ギリギリchop","","1","","https://www.youtube.com/watch?v=wlh059y12eE&t=3369s"
"クラクラ","","1","","https://www.youtube.com/watch?v=-kzJFnxTUNs&t=1490s"
"クラスで一番スゴイやつ","","1","","https://www.youtube.com/watch?v=_SAc_F6dydA&t=4391s"
"グロウアップ","","1","","https://www.youtube.com/watch?v=-YrJcK-o0qE&t=3514s"
"さくら","ケツメイシ","1","","https://www.youtube.com/watch?v=i6RQk6p94r0&t=3026s"
"サボテンの花","","1","","https://www.youtube.com/watch?v=mfSlpS_JIlU&t=602s"
"サヨナラバス","","1","","https://www.youtube.com/watch?v=wlh059y12eE&t=4811s"
"さらば","","1","","https://www.youtube.com/watch?v=ak9IIuJ71k0&t=3089s"
"さんぽ","","1","","https://www.youtube.com/watch?v=d8kT-NZrycw&t=7489s"
"シカ色デイズ","","1","","https://www.youtube.com/watch?v=dKm-56mWB4U&t=7876s"
"じゃじゃ馬にさせないで","","1","","https://www.youtube.com/watch?v=d8kT-NZrycw&t=8422s"
"シルビア","","1","","https://www.youtube.com/watch?v=FeeQIQONzUQ&t=2690s"
"セロリ","山崎まさよし","1","","https://www.youtube.com/watch?v=GFQHT1iQ8M0&t=8943s"
"センチメンタル","","1","","https://www.youtube.com/watch?v=wlh059y12eE&t=1513s"
"ダーリンダンス","","1","","https://www.youtube.com/watch?v=uGjRNg8mXm4&t=7952s"
"タイプ:ワイルド","","1","","https://www.youtube.com/watch?v=cFmzigVX1GE&t=2849s"
"タイミング〜Timing～","ブラックビスケッツ","1","","https://www.youtube.com/watch?v=E2Y1y86oZrQ&t=4839s"
"タイムパラドックス","","1","","https://www.youtube.com/watch?v=i3sdvV53odk&t=1712s"
"タッチ","岩崎良美","1","","https://www.youtube.com/watch?v=E2Y1y86oZrQ&t=2595s"
"チェリー","","1","","https://www.youtube.com/watch?v=i6RQk6p94r0&t=1487s"
"チチをもげ！","","1","","https://www.youtube.com/watch?v=UeFjUe7fYf8&t=1504s"
"ツバサ","アンダーグラフ","1","","https://www.youtube.com/watch?v=P23nZJKKfvI&t=5253s"
"なごり雪","","1","","https://www.youtube.com/watch?v=UG0GAz2A9Dc&t=1645s"
"ノーザンクロス","","1","","https://www.youtube.com/watch?v=chsDm-fkNFM&t=342s"
"ハッピージャムジャム","","1","","https://www.youtube.com/watch?v=XMBTCNoXmY8&t=8338s"
"ハナミズキ","","1","","https://www.youtube.com/watch?v=XMBTCNoXmY8&t=4490s"
"パプリカ","","1","","https://www.youtube.com/watch?v=roIDeXEmIMc&t=2418s"
"バリバリ最強ナンバー1","","1","","https://www.youtube.com/watch?v=dKm-56mWB4U&t=2902s"
"ひだまりの詩","","1","","https://www.youtube.com/watch?v=Q5hrJzGKYB8&t=7084s"
"ビビデバ","","1","","https://www.youtube.com/watch?v=uGjRNg8mXm4&t=7143s"
"ひまわりの約束","","1","","https://www.youtube.com/watch?v=29K5fzfoe8g&t=718s"
"ヒャダインのカカカタ☆カタオモイ","","1","","https://www.youtube.com/watch?v=d8kT-NZrycw&t=4693s"
"ヒロイン","","1","","https://www.youtube.com/watch?v=ak9IIuJ71k0&t=1285s"
"プリキュア5、フル・スロットル GO GO!","","1","","https://www.youtube.com/watch?v=-YrJcK-o0qE&t=351s"
"プレパレード","","1","","https://www.youtube.com/watch?v=C_Pk5p6gs7g&t=3646s"
"マリアの爪痕","Janne Da Arc","1","","https://www.youtube.com/watch?v=uh6xmtzJdMs&t=3213s"
"ミックスナッツ","","1","","https://www.youtube.com/watch?v=-kzJFnxTUNs&t=2258s"
"モエチャッカファイア","","1","","https://www.youtube.com/watch?v=6QqwEASS4Wc&t=162s"
"もってけ！セーラー服","","1","","https://www.youtube.com/watch?v=d8kT-NZrycw&t=2491s"
"モニタリング（Best Friend Remix）","DECO*27","1","","https://www.youtube.com/watch?v=GFQHT1iQ8M0&t=6363s"
"やさしさに包まれたなら","","1","","https://www.youtube.com/watch?v=d8kT-NZrycw&t=6594s"
"ユリーカ","","1","","https://www.youtube.com/watch?v=d8kT-NZrycw&t=3088s"
"ゆりゆららららゆるゆり大事件","","1","","https://www.youtube.com/watch?v=d8kT-NZrycw&t=2154s"
"ルビーの指環","","1","","https://www.youtube.com/watch?v=yIL7OmGSwr8&t=6288s"
"ロード","THE 虎舞竜","1","","https://www.youtube.com/watch?v=uh6xmtzJdMs&t=6253s"
"ロマンス","","1","","https://www.youtube.com/watch?v=d8kT-NZrycw&t=4355s"
"ロマンスの神様","","1","","https://www.youtube.com/watch?v=48limf1aQUc&t=10053s"
"ロミオとシンデレラ","","1","","https://www.youtube.com/watch?v=48limf1aQUc&t=5254s"
"ワールドイズマイン","supercell","1","","https://www.youtube.com/watch?v=uh6xmtzJdMs&t=7048s"
"ワルキューレがとまらない","","1","","https://www.youtube.com/watch?v=roIDeXEmIMc&t=3402s"
"愛のかたまり","KinKi Kids","1","","https://www.youtube.com/watch?v=P23nZJKKfvI&t=2126s"
"愛をこめて花束を","Superfly","1","","https://www.youtube.com/watch?v=yIL7OmGSwr8&t=3546s"
"愛唄","","1","","https://www.youtube.com/watch?v=ngo1R18xacM&t=3698s"
"嘘","シド","1","","https://www.youtube.com/watch?v=ta4TEFnRbxE&t=294s"
"炎のキン肉マン","","1","","https://www.youtube.com/watch?v=cFmzigVX1GE&t=961s"
"夏色えがおで1 2 jump","","1","","https://www.youtube.com/watch?v=VHZfwPZjK_Q&t=4001s"
"花唄","TOKIO","1","","https://www.youtube.com/watch?v=P23nZJKKfvI&t=803s"
"怪物","YOASOBI","1","","https://www.youtube.com/watch?v=yIL7OmGSwr8&t=4025s"
"革命デュアリズム","","1","","https://www.youtube.com/watch?v=Q5hrJzGKYB8&t=5573s"
"貴方の恋人になりたい","","1","","https://www.youtube.com/watch?v=BIGK3QKSaXA&t=2227s"
"鬼の宴","","1","","https://www.youtube.com/watch?v=O-onF2u-Oeg&t=1586s"
"逆光のフリューゲル","","1","","https://www.youtube.com/watch?v=O-onF2u-Oeg&t=5063s"
"救世主メシア","","1","","https://www.youtube.com/watch?v=EoUoIBQwcqw&t=114s"
"胸がドキドキ","","1","","https://www.youtube.com/watch?v=d8kT-NZrycw&t=769s"
"空に唄えば","","1","","https://www.youtube.com/watch?v=wlh059y12eE&t=396s"
"空へ…","","1","","https://www.youtube.com/watch?v=cFmzigVX1GE&t=2988s"
"空耳ケーキ","","1","","https://www.youtube.com/watch?v=BPdOVU7rS5A&t=2203s"
"君のままで","","1","","https://www.youtube.com/watch?v=d8kT-NZrycw&t=1693s"
"撃槍・ガングニール","","1","","https://www.youtube.com/watch?v=nVut5QRjRZA&t=666s"
"月灯りふんわり落ちてくる夜","","1","","https://www.youtube.com/watch?v=cFmzigVX1GE&t=5226s"
"御旗のもとに","巴里華撃団","1","","https://www.youtube.com/watch?v=P23nZJKKfvI&t=4873s"
"光るなら","","1","","https://www.youtube.com/watch?v=uGjRNg8mXm4&t=3797s"
"幸せであれ","","1","","https://www.youtube.com/watch?v=nVut5QRjRZA&t=2439s"
"幸せのシャナナ","BRADIO","1","","https://www.youtube.com/watch?v=uh6xmtzJdMs&t=3863s"
"紅","X JAPAN","1","","https://www.youtube.com/watch?v=wlh059y12eE&t=3832s"
"紅蓮華","LiSA","1","","https://www.youtube.com/watch?v=E2Y1y86oZrQ&t=4101s"
"香水","","1","","https://www.youtube.com/watch?v=cICzuveEcE4&t=477s"
"今夜月の見える丘に","","1","","https://www.youtube.com/watch?v=wlh059y12eE&t=4464s"
"最強○×計画","","1","","https://www.youtube.com/watch?v=d8kT-NZrycw&t=89s"
"最後の雨","中西保志","1","","https://www.youtube.com/watch?v=D8QvLGW4xOc&t=1297s"
"糸","福山雅治","1","","https://www.youtube.com/watch?v=XMBTCNoXmY8&t=4002s"
"灼熱スイッチ","","1","","https://www.youtube.com/watch?v=_SAc_F6dydA&t=501s"
"終端の王と異世界の騎士 ～The Endia & The Knights～","Sound Horizon","1","","https://www.youtube.com/watch?v=P23nZJKKfvI&t=5657s"
"粛聖★ロリ神レクイエム","","1","","https://www.youtube.com/watch?v=eqrwYJl1tW4&t=3500s"
"女々しくて","","1","","https://www.youtube.com/watch?v=ngo1R18xacM&t=4840s"
"少年","ゆず","1","","https://www.youtube.com/watch?v=uh6xmtzJdMs&t=994s"
"少年ハート","","1","","https://www.youtube.com/watch?v=cFmzigVX1GE&t=4341s"
"世界に一つだけの花","","1","","https://www.youtube.com/watch?v=D8QvLGW4xOc&t=1822s"
"青空のラプソディ","","1","","https://www.youtube.com/watch?v=d8kT-NZrycw&t=3392s"
"青春アミーゴ","","1","","https://www.youtube.com/watch?v=cICzuveEcE4&t=2157s"
"青葉城恋唄","さとう宗幸","1","","https://www.youtube.com/watch?v=E2Y1y86oZrQ&t=2243s"
"雪の華","","1","","https://www.youtube.com/watch?v=wlh059y12eE&t=2451s"
"全部、君だった。","山崎まさよし","1","","https://www.youtube.com/watch?v=GFQHT1iQ8M0&t=8595s"
"太陽曰く燃えよカオス","","1","","https://www.youtube.com/watch?v=d8kT-NZrycw&t=5125s"
"大空と大地の中で","","1","","https://www.youtube.com/watch?v=UG0GAz2A9Dc&t=1296s"
"大切なもの","","1","","https://www.youtube.com/watch?v=XMBTCNoXmY8&t=5714s"
"知恵と勇気だ！メダロット","","1","","https://www.youtube.com/watch?v=gEHwy-9lmrY&t=1046s"
"地上の戦士","","1","","https://www.youtube.com/watch?v=dKm-56mWB4U&t=3205s"
"天使にふれたよ！","","1","","https://www.youtube.com/watch?v=d8kT-NZrycw&t=9472s"
"瞳をとじて","","1","","https://www.youtube.com/watch?v=gEHwy-9lmrY&t=2225s"
"曇天","","1","","https://www.youtube.com/watch?v=ta4TEFnRbxE&t=622s"
"二人のアカボシ","","1","","https://www.youtube.com/watch?v=XMBTCNoXmY8&t=10397s"
"燃えてヒーロー","","1","","https://www.youtube.com/watch?v=cFmzigVX1GE&t=1384s"
"晩餐歌","tuki.","1","","https://www.youtube.com/watch?v=yIL7OmGSwr8&t=5323s"
"秘密の扉から会いに来て","","1","","https://www.youtube.com/watch?v=d8kT-NZrycw&t=6972s"
"氷の上に立つように","","1","","https://www.youtube.com/watch?v=d8kT-NZrycw&t=1049s"
"不死鳥のフランメ","","1","","https://www.youtube.com/watch?v=O-onF2u-Oeg&t=4786s"
"楓","スピッツ","1","","https://www.youtube.com/watch?v=zJjSObOsIlw&t=1186s"
"風","コブクロ","1","","https://www.youtube.com/watch?v=dKm-56mWB4U&t=1503s"
"冒険でしょでしょ？","","1","","https://www.youtube.com/watch?v=_SAc_F6dydA&t=5465s"
"未来は僕らの手の中","THE BLUE HEARTS","1","","https://www.youtube.com/watch?v=GFQHT1iQ8M0&t=3351s"
"未来への咆哮","JAM Project","1","","https://www.youtube.com/watch?v=b7nfa5C5KXk&t=338s"
"未来予想図Ⅱ","","1","","https://www.youtube.com/watch?v=VHZfwPZjK_Q&t=252s"
"夢","THE BLUE HEARTS","1","","https://www.youtube.com/watch?v=VHZfwPZjK_Q&t=5089s"
"夢のつづき","","1","","https://www.youtube.com/watch?v=d8kT-NZrycw&t=10290s"
"夢は終わらない ～こぼれ落ちる時の雫～","","1","","https://www.youtube.com/watch?v=d8kT-NZrycw&t=9900s"
"夢をかなえてドラえもん","","1","","https://www.youtube.com/watch?v=AXTljJMlTHs&t=488s"
"名前のない鳥","山崎まさよし","1","","https://www.youtube.com/watch?v=GFQHT1iQ8M0&t=8340s"
"勇気100%","","1","","https://www.youtube.com/watch?v=8AqvgFtaSj0&t=2710s"
"勇気りんりん","","1","","https://www.youtube.com/watch?v=Q5hrJzGKYB8&t=3113s"
"裏表ラバーズ","","1","","https://www.youtube.com/watch?v=mfSlpS_JIlU&t=1825s"
"恋愛サーキュレーション","","1","","https://www.youtube.com/watch?v=lvpcG94Inwk&t=325s"